{
    "ridge": {
        "train_metrics": {
            "overall_mape": 6609806120309846.0,
            "mae": 26.21867563078706,
            "rmse": 47.09086025524314,
            "target_mapes": {
                "delhi_load": 0.15475935072988223,
                "brpl_load": 3.4456890235367856,
                "bypl_load": 2.81689945606945,
                "ndpl_load": 4.7304339918204406,
                "ndmc_load": 12.819881108879622,
                "mes_load": 3.965883672185905e+16
            }
        },
        "val_metrics": {
            "overall_mape": 17.56881244012804,
            "mae": 34.95535948008352,
            "rmse": 54.15860841817732,
            "target_mapes": {
                "delhi_load": 0.21866097510229884,
                "brpl_load": 5.327835644611935,
                "bypl_load": 4.22901154025668,
                "ndpl_load": 5.9812494710857,
                "ndmc_load": 20.046729245364396,
                "mes_load": 69.6093877643472
            }
        }
    },
    "ridge_cv": {
        "train_metrics": {
            "overall_mape": 6609806120309846.0,
            "mae": 26.311085412076977,
            "rmse": 47.444439752617164,
            "target_mapes": {
                "delhi_load": 0.15729062672202138,
                "brpl_load": 3.4456890235367856,
                "bypl_load": 2.8307660184645616,
                "ndpl_load": 4.760899933778449,
                "ndmc_load": 12.79326660438439,
                "mes_load": 3.965883672185905e+16
            }
        },
        "val_metrics": {
            "overall_mape": 16.90917551886034,
            "mae": 33.279666397256875,
            "rmse": 51.71353148754602,
            "target_mapes": {
                "delhi_load": 0.1939192360269687,
                "brpl_load": 5.327835644611935,
                "bypl_load": 4.154768869523306,
                "ndpl_load": 5.754600145445687,
                "ndmc_load": 16.414541453206954,
                "mes_load": 69.6093877643472
            }
        }
    },
    "elastic_net": {
        "train_metrics": {
            "overall_mape": 5643893488102491.0,
            "mae": 96.49622414324584,
            "rmse": 165.75966021653772,
            "target_mapes": {
                "delhi_load": 7.544208613920776,
                "brpl_load": 10.032888924555074,
                "bypl_load": 9.226957115527348,
                "ndpl_load": 10.342852118441689,
                "ndmc_load": 14.877150289954882,
                "mes_load": 3.38633609286149e+16
            }
        },
        "val_metrics": {
            "overall_mape": 16.48467763268176,
            "mae": 101.682344551956,
            "rmse": 173.48569296125655,
            "target_mapes": {
                "delhi_load": 8.67314801792026,
                "brpl_load": 10.31864678679259,
                "bypl_load": 12.752740096028415,
                "ndpl_load": 12.166923561999774,
                "ndmc_load": 13.809288990743978,
                "mes_load": 41.18731834260554
            }
        }
    },
    "random_forest": {
        "train_metrics": {
            "overall_mape": 4311089909682347.0,
            "mae": 89.98878653329326,
            "rmse": 176.14134775289415,
            "target_mapes": {
                "delhi_load": 7.206771621899959,
                "brpl_load": 9.729982133021462,
                "bypl_load": 7.95347058538457,
                "ndpl_load": 10.588668126218678,
                "ndmc_load": 12.212036195354099,
                "mes_load": 2.5866539458094036e+16
            }
        },
        "val_metrics": {
            "overall_mape": 17.230891848300914,
            "mae": 93.49847553978692,
            "rmse": 184.00663471339752,
            "target_mapes": {
                "delhi_load": 7.968800086582363,
                "brpl_load": 10.812585441663778,
                "bypl_load": 9.90337672163414,
                "ndpl_load": 12.406473033736882,
                "ndmc_load": 13.703642047659596,
                "mes_load": 48.59047375852874
            }
        }
    }
}