{
  "delhi_load": {
    "alpha": 1.0,
    "val_mape": 0.25647835519220497
  },
  "brpl_load": {
    "alpha": 1.0,
    "val_mape": 5.33007833558816
  },
  "bypl_load": {
    "alpha": 1.0,
    "val_mape": 4.241877025429782
  },
  "ndpl_load": {
    "alpha": 1.0,
    "val_mape": 5.896067595174693
  },
  "ndmc_load": {
    "alpha": 1.0,
    "val_mape": 20.266231395650358
  },
  "mes_load": {
    "alpha": 1.0,
    "val_mape": 69.17680016061706
  }
}