{
  "loss": [
    0.20936396718025208,
    0.04407428950071335,
    0.022585071623325348,
    0.013991892337799072,
    0.0106603242456913,
    0.009464300237596035,
    0.009082135744392872,
    0.008749858476221561,
    0.00869668461382389,
    0.008553576655685902,
    0.008472012355923653,
    0.00849361252039671,
    0.00856667011976242,
    0.007921003736555576,
    0.007812956348061562,
    0.007811564952135086,
    0.007658046204596758,
    0.00767260417342186,
    0.007499196100980043,
    0.007375461049377918,
    0.007357531692832708,
    0.0073235658928751945,
    0.007287263870239258,
    0.007330777123570442,
    0.007167159579694271
  ],
  "mae": [
    0.21142266690731049,
    0.08699508011341095,
    0.07370266318321228,
    0.06792732328176498,
    0.06457697600126266,
    0.06228529289364815,
    0.06105326861143112,
    0.06005561351776123,
    0.05945432558655739,
    0.05891845002770424,
    0.058127664029598236,
    0.057835761457681656,
    0.05842726677656174,
    0.055805426090955734,
    0.05553257837891579,
    0.05531402304768562,
    0.054753173142671585,
    0.05478319525718689,
    0.05363830178976059,
    0.05316551402211189,
    0.05324145779013634,
    0.05292124301195145,
    0.05282587930560112,
    0.05294003710150719,
    0.05254969000816345
  ],
  "val_loss": [
    0.06548509001731873,
    0.024784689769148827,
    0.01591206155717373,
    0.012183737009763718,
    0.008108841255307198,
    0.006317886523902416,
    0.006379412952810526,
    0.005138876847922802,
    0.006085304077714682,
    0.005145285744220018,
    0.007449200376868248,
    0.00611850107088685,
    0.005889670457690954,
    0.006241991184651852,
    0.004834883846342564,
    0.005698194727301598,
    0.004855259321630001,
    0.005269525106996298,
    0.007198951672762632,
    0.006990297231823206,
    0.004975336603820324,
    0.004775045905262232,
    0.004551626276224852,
    0.005434594117105007,
    0.005674256943166256
  ],
  "val_mae": [
    0.11247117817401886,
    0.05866038426756859,
    0.07127293944358826,
    0.07313255220651627,
    0.0627787783741951,
    0.05425582826137543,
    0.05292142555117607,
    0.04068320617079735,
    0.054135121405124664,
    0.044483982026576996,
    0.060967907309532166,
    0.048834700137376785,
    0.05109810456633568,
    0.05234742537140846,
    0.03908910974860191,
    0.04503302276134491,
    0.03989062085747719,
    0.04371469467878342,
    0.06153762340545654,
    0.05912888050079346,
    0.04322493076324463,
    0.042688168585300446,
    0.03874902427196503,
    0.048291124403476715,
    0.05358448997139931
  ],
  "learning_rate": [
    0.0020000000949949026,
    0.0020000000949949026,
    0.0020000000949949026,
    0.0020000000949949026,
    0.0020000000949949026,
    0.0020000000949949026,
    0.0020000000949949026,
    0.0020000000949949026,
    0.0020000000949949026,
    0.0020000000949949026,
    0.0020000000949949026,
    0.0020000000949949026,
    0.001600000075995922,
    0.001600000075995922,
    0.001600000075995922,
    0.001600000075995922,
    0.001600000075995922,
    0.001600000075995922,
    0.001600000075995922,
    0.001280000084079802,
    0.001280000084079802,
    0.001280000084079802,
    0.001280000084079802,
    0.001280000084079802,
    0.001280000084079802
  ]
}