{
  "delhi_load": {
    "train": {
      "mape": 9.80281797747465,
      "mae": 324.84837047755417,
      "mse": 228463.81448261315,
      "rmse": 477.97888497569966
    },
    "val": {
      "mape": 10.076729239754082,
      "mae": 299.5896522859434,
      "mse": 196377.8388105737,
      "rmse": 443.1453924058939
    },
    "test": {
      "mape": 10.353972032629594,
      "mae": 378.22148539365446,
      "mse": 313634.3540807274,
      "rmse": 560.0306724463646
    }
  },
  "brpl_load": {
    "train": {
      "mape": 12.678044703453786,
      "mae": 158.29147264731864,
      "mse": 57455.96690837602,
      "rmse": 239.69974323802688
    },
    "val": {
      "mape": 12.543677021428042,
      "mae": 144.38628077524794,
      "mse": 52081.50474757662,
      "rmse": 228.21372602798593
    },
    "test": {
      "mape": 14.138963875032129,
      "mae": 182.66022603577366,
      "mse": 85566.83543138937,
      "rmse": 292.5180941948538
    }
  },
  "bypl_load": {
    "train": {
      "mape": 10.727053322179197,
      "mae": 73.11088245477185,
      "mse": 11333.347384154635,
      "rmse": 106.45819547669703
    },
    "val": {
      "mape": 12.691290734900226,
      "mae": 74.11679169208516,
      "mse": 11102.69683436138,
      "rmse": 105.36933536072713
    },
    "test": {
      "mape": 11.475262107317262,
      "mae": 92.68358388058736,
      "mse": 17218.29659095391,
      "rmse": 131.21850704437202
    }
  },
  "ndpl_load": {
    "train": {
      "mape": 13.671353271986868,
      "mae": 113.60772791350557,
      "mse": 29299.662803478903,
      "rmse": 171.17144272184802
    },
    "val": {
      "mape": 15.736774851880837,
      "mae": 120.19747192321316,
      "mse": 30418.82773562474,
      "rmse": 174.40994161923436
    },
    "test": {
      "mape": 17.087377189285025,
      "mae": 145.23610087591015,
      "mse": 47017.88398748755,
      "rmse": 216.83607630532228
    }
  },
  "ndmc_load": {
    "train": {
      "mape": 16.874232847949983,
      "mae": 30.297700052025327,
      "mse": 1751.7918940265633,
      "rmse": 41.85441307707663
    },
    "val": {
      "mape": 16.016456147369194,
      "mae": 24.451445735441343,
      "mse": 1122.1569332082358,
      "rmse": 33.49861091460713
    },
    "test": {
      "mape": 18.259330459354857,
      "mae": 39.46951878695474,
      "mse": 4061.6382707338876,
      "rmse": 63.73098360086629
    }
  },
  "mes_load": {
    "train": {
      "mape": 4.045923076583105e+16,
      "mae": 13.70555960315196,
      "mse": 976.6655992956017,
      "rmse": 31.25164954519364
    },
    "val": {
      "mape": 46.325474134916135,
      "mae": 12.91807907928928,
      "mse": 572.0336728620432,
      "rmse": 23.917225442388656
    },
    "test": {
      "mape": 31.75457905565347,
      "mae": 18.51298832978682,
      "mse": 3013.380635743146,
      "rmse": 54.894267785836675
    }
  },
  "overall": {
    "train": {
      "mape": 6743205127638519.0,
      "mae": 118.97695219138792,
      "mse": 54880.20817865746,
      "rmse": 178.0690548390903
    },
    "val": {
      "mape": 18.89840035504142,
      "mae": 112.60995358187004,
      "mse": 48612.50978903446,
      "rmse": 168.09237196180618
    },
    "test": {
      "mape": 17.178247453212055,
      "mae": 142.79731721711119,
      "mse": 78418.73149950586,
      "rmse": 219.87143356293595
    }
  }
}