{
  "loss": [
    0.1451989859342575,
    0.02804582566022873,
    0.01387625839561224,
    0.010247464291751385,
    0.009232597425580025,
    0.008769803680479527,
    0.00824409443885088,
    0.009338627569377422,
    0.008226835168898106,
    0.007873539812862873,
    0.007393700536340475,
    0.0074465288780629635,
    0.007068633567541838,
    0.007292225491255522,
    0.007341903168708086,
    0.007227714639157057,
    0.007067533675581217,
    0.006888390984386206,
    0.0068914517760276794,
    0.006767870392650366,
    0.0067267585545778275,
    0.006535682361572981,
    0.0065854392014443874,
    0.0063567254692316055,
    0.00638925563544035
  ],
  "mae": [
    0.12161597609519958,
    0.07644157856702805,
    0.06770681589841843,
    0.06190869212150574,
    0.059738028794527054,
    0.057822246104478836,
    0.05621738359332085,
    0.05834528058767319,
    0.055132705718278885,
    0.054285794496536255,
    0.051923952996730804,
    0.05217580124735832,
    0.051254674792289734,
    0.051675837486982346,
    0.051744718104600906,
    0.051272839307785034,
    0.0507793091237545,
    0.04993211105465889,
    0.05002092197537422,
    0.04942921921610832,
    0.04952716827392578,
    0.04890792444348335,
    0.0491173081099987,
    0.04811786487698555,
    0.04872877895832062
  ],
  "val_loss": [
    0.04877535253763199,
    0.012800895608961582,
    0.007278558798134327,
    0.006390572525560856,
    0.005423549097031355,
    0.005194590426981449,
    0.005375355947762728,
    0.006612866185605526,
    0.0055731735192239285,
    0.005646351259201765,
    0.004913220647722483,
    0.006223784759640694,
    0.004528052173554897,
    0.005068352911621332,
    0.0048283059149980545,
    0.005255324300378561,
    0.005587123334407806,
    0.004526214674115181,
    0.005562999285757542,
    0.0047335331328213215,
    0.004652985371649265,
    0.0043273791670799255,
    0.004613483790308237,
    0.004434695467352867,
    0.004422019235789776
  ],
  "val_mae": [
    0.09463018923997879,
    0.05151456594467163,
    0.04419334977865219,
    0.04744535684585571,
    0.040107257664203644,
    0.04039650782942772,
    0.04091343283653259,
    0.047343336045742035,
    0.044299546629190445,
    0.04727926105260849,
    0.04236039146780968,
    0.050615668296813965,
    0.036677900701761246,
    0.04121771082282066,
    0.03978690877556801,
    0.04144318401813507,
    0.04182659089565277,
    0.03772269934415817,
    0.0448329895734787,
    0.03964235633611679,
    0.04018104821443558,
    0.035740312188863754,
    0.03692236915230751,
    0.03734441474080086,
    0.03625441715121269
  ],
  "learning_rate": [
    0.0020000000949949026,
    0.0020000000949949026,
    0.0020000000949949026,
    0.0020000000949949026,
    0.0020000000949949026,
    0.0020000000949949026,
    0.0020000000949949026,
    0.0020000000949949026,
    0.0020000000949949026,
    0.0020000000949949026,
    0.001600000075995922,
    0.001600000075995922,
    0.001600000075995922,
    0.001600000075995922,
    0.001600000075995922,
    0.001600000075995922,
    0.001600000075995922,
    0.001280000084079802,
    0.001280000084079802,
    0.001280000084079802,
    0.001280000084079802,
    0.0010240001138299704,
    0.0010240001138299704,
    0.0010240001138299704,
    0.0010240001138299704
  ]
}