{
  "delhi_load": {
    "train": {
      "mape": 7.950328359145539,
      "mae": 271.3091601876481,
      "mse": 196244.88201093348,
      "rmse": 442.99535213242757
    },
    "val": {
      "mape": 8.627279890034085,
      "mae": 276.9193047022592,
      "mse": 187024.97579070163,
      "rmse": 432.46384333340706
    },
    "test": {
      "mape": 8.384732385099618,
      "mae": 318.2491251348449,
      "mse": 242800.64744317977,
      "rmse": 492.74805676245927
    }
  },
  "brpl_load": {
    "train": {
      "mape": 10.730953012997757,
      "mae": 134.58695556324002,
      "mse": 49115.308430822144,
      "rmse": 221.6197383601518
    },
    "val": {
      "mape": 12.185059310326634,
      "mae": 144.24671042031545,
      "mse": 53220.44039412926,
      "rmse": 230.69555781186872
    },
    "test": {
      "mape": 11.5545196461845,
      "mae": 158.86910183201528,
      "mse": 64612.127917420374,
      "rmse": 254.1891577495397
    }
  },
  "bypl_load": {
    "train": {
      "mape": 9.085557963276562,
      "mae": 64.15280915675365,
      "mse": 10167.040135837038,
      "rmse": 100.83174170784237
    },
    "val": {
      "mape": 11.305508014016782,
      "mae": 73.62905624950803,
      "mse": 11182.188666123515,
      "rmse": 105.7458683170341
    },
    "test": {
      "mape": 9.346874743877263,
      "mae": 77.86578004861951,
      "mse": 13371.528869736141,
      "rmse": 115.63532708362156
    }
  },
  "ndpl_load": {
    "train": {
      "mape": 11.225631609670854,
      "mae": 93.30334707502749,
      "mse": 23657.040855825868,
      "rmse": 153.80845508562223
    },
    "val": {
      "mape": 14.132735278287397,
      "mae": 109.50993960502105,
      "mse": 28173.891482782023,
      "rmse": 167.85080125749184
    },
    "test": {
      "mape": 13.164003324003474,
      "mae": 114.48231174683505,
      "mse": 31170.212873429547,
      "rmse": 176.55087899364747
    }
  },
  "ndmc_load": {
    "train": {
      "mape": 13.632439849510472,
      "mae": 25.12211589101249,
      "mse": 1351.8457709624568,
      "rmse": 36.76745532345768
    },
    "val": {
      "mape": 12.708828467260705,
      "mae": 20.233080279218157,
      "mse": 907.4365143880407,
      "rmse": 30.123686932180807
    },
    "test": {
      "mape": 14.42892243885972,
      "mae": 31.626035238700652,
      "mse": 2593.078426253046,
      "rmse": 50.92227829008681
    }
  },
  "mes_load": {
    "train": {
      "mape": 3.794942789140633e+16,
      "mae": 11.032751144550174,
      "mse": 691.6379798006574,
      "rmse": 26.299011004230888
    },
    "val": {
      "mape": 30.64378903173991,
      "mae": 10.359467929859305,
      "mse": 573.8581561870702,
      "rmse": 23.955336695339312
    },
    "test": {
      "mape": 23.325906192202154,
      "mae": 13.55681160314368,
      "mse": 1588.422871781063,
      "rmse": 39.85502316874327
    }
  },
  "overall": {
    "train": {
      "mape": 6324904648567731.0,
      "mae": 99.91785650303865,
      "mse": 46871.29253069695,
      "rmse": 163.72029226895543
    },
    "val": {
      "mape": 14.933866665277586,
      "mae": 105.81625986436353,
      "mse": 46847.131834051914,
      "rmse": 165.13918239122032
    },
    "test": {
      "mape": 13.367493121704456,
      "mae": 119.10819426735986,
      "mse": 59356.00306696665,
      "rmse": 188.3167870080163
    }
  }
}