{
  "loss": [
    0.1912737488746643,
    0.02073957584798336,
    0.011649226769804955,
    0.010277128778398037,
    0.009488356299698353,
    0.00974166952073574,
    0.00850499514490366,
    0.008167775347828865,
    0.008051935583353043,
    0.008240785449743271,
    0.007767780683934689,
    0.00917659979313612,
    0.007880828343331814,
    0.008026870898902416,
    0.00708601251244545,
    0.007299772929400206,
    0.007114794105291367,
    0.0067930081859230995,
    0.0074365935288369656,
    0.007068551145493984,
    0.0064527192153036594,
    0.00610243109986186,
    0.006126757245510817,
    0.006444790866225958,
    0.0063566467724740505
  ],
  "mae": [
    0.1010546013712883,
    0.06850137561559677,
    0.06209905445575714,
    0.058442749083042145,
    0.05612524598836899,
    0.055076949298381805,
    0.05272688344120979,
    0.05134013667702675,
    0.05046580359339714,
    0.051006101071834564,
    0.04973844811320305,
    0.050932351499795914,
    0.049448903650045395,
    0.04995303228497505,
    0.04735838994383812,
    0.047294262796640396,
    0.04727550595998764,
    0.046533163636922836,
    0.0475781224668026,
    0.04649917408823967,
    0.04517652094364166,
    0.04442213475704193,
    0.044205404818058014,
    0.04479146748781204,
    0.044595640152692795
  ],
  "val_loss": [
    0.04603206738829613,
    0.00967985950410366,
    0.007640637923032045,
    0.008444692008197308,
    0.006976371631026268,
    0.007064535282552242,
    0.006774900946766138,
    0.006249377503991127,
    0.00662496080622077,
    0.005986244883388281,
    0.00749330036342144,
    0.006088198162615299,
    0.006177191156893969,
    0.00840529054403305,
    0.0058317710645496845,
    0.005691869650036097,
    0.0056972261518239975,
    0.005593930371105671,
    0.00643089460209012,
    0.006247620098292828,
    0.004876184742897749,
    0.005310152191668749,
    0.005264296196401119,
    0.005217313766479492,
    0.005113962106406689
  ],
  "val_mae": [
    0.11244171112775803,
    0.04740746691823006,
    0.042055852711200714,
    0.054909490048885345,
    0.038557764142751694,
    0.04611922428011894,
    0.0473969392478466,
    0.038310177624225616,
    0.03867928683757782,
    0.042342409491539,
    0.046158403158187866,
    0.037788696587085724,
    0.04270540922880173,
    0.05438358336687088,
    0.03989594802260399,
    0.040063247084617615,
    0.037358902394771576,
    0.03892774134874344,
    0.03458566218614578,
    0.04456929489970207,
    0.036254044622182846,
    0.04117555171251297,
    0.037914931774139404,
    0.03673519939184189,
    0.03557295352220535
  ],
  "learning_rate": [
    0.0020000000949949026,
    0.0020000000949949026,
    0.0020000000949949026,
    0.0020000000949949026,
    0.0020000000949949026,
    0.0020000000949949026,
    0.0020000000949949026,
    0.0020000000949949026,
    0.0020000000949949026,
    0.0020000000949949026,
    0.0020000000949949026,
    0.0020000000949949026,
    0.0020000000949949026,
    0.0020000000949949026,
    0.001600000075995922,
    0.001600000075995922,
    0.001600000075995922,
    0.001600000075995922,
    0.001600000075995922,
    0.001600000075995922,
    0.001280000084079802,
    0.001280000084079802,
    0.001280000084079802,
    0.001280000084079802,
    0.001280000084079802
  ]
}