{
  "delhi_load": {
    "train": {
      "mape": 12.169528512436928,
      "mae": 398.33287551635794,
      "mse": 305043.4987551034,
      "rmse": 552.3074313777639
    },
    "val": {
      "mape": 13.218582216327256,
      "mae": 379.5496136010311,
      "mse": 273229.01978916343,
      "rmse": 522.7131333620415
    },
    "test": {
      "mape": 10.43614851139753,
      "mae": 403.8527170827654,
      "mse": 320573.53116385057,
      "rmse": 566.1921327286794
    }
  },
  "brpl_load": {
    "train": {
      "mape": 15.268870396387696,
      "mae": 186.86936342733327,
      "mse": 73613.88775674025,
      "rmse": 271.31879359296187
    },
    "val": {
      "mape": 15.771271975451842,
      "mae": 181.216859850367,
      "mse": 67202.65241181372,
      "rmse": 259.2347438361874
    },
    "test": {
      "mape": 13.490024425491578,
      "mae": 195.2652213688035,
      "mse": 83871.69729800674,
      "rmse": 289.606107149015
    }
  },
  "bypl_load": {
    "train": {
      "mape": 13.66392784799836,
      "mae": 91.30765475882114,
      "mse": 15475.099673360142,
      "rmse": 124.39895366666128
    },
    "val": {
      "mape": 17.231838747240353,
      "mae": 94.95100936405363,
      "mse": 16102.496271634489,
      "rmse": 126.89561171149492
    },
    "test": {
      "mape": 11.521447442053292,
      "mae": 94.98084654106107,
      "mse": 16413.161987839158,
      "rmse": 128.113863370984
    }
  },
  "ndpl_load": {
    "train": {
      "mape": 15.51248959208625,
      "mae": 131.3733291218284,
      "mse": 35739.76890179109,
      "rmse": 189.04964665873112
    },
    "val": {
      "mape": 17.452558159383923,
      "mae": 131.27574482446474,
      "mse": 35323.16350643919,
      "rmse": 187.94457562387691
    },
    "test": {
      "mape": 15.174449617929092,
      "mae": 137.23611635185682,
      "mse": 38469.78853330076,
      "rmse": 196.13716764881855
    }
  },
  "ndmc_load": {
    "train": {
      "mape": 18.268494027924604,
      "mae": 32.853274652503345,
      "mse": 2535.380624002672,
      "rmse": 50.35256323170323
    },
    "val": {
      "mape": 18.554041494110095,
      "mae": 27.04826960020281,
      "mse": 1258.3267651755536,
      "rmse": 35.47290184317536
    },
    "test": {
      "mape": 19.02926408022013,
      "mae": 39.30469090390252,
      "mse": 3982.902157278989,
      "rmse": 63.11023813359437
    }
  },
  "mes_load": {
    "train": {
      "mape": 5.4812931070579816e+16,
      "mae": 19.02013545173815,
      "mse": 1786.08259834137,
      "rmse": 42.26207044551142
    },
    "val": {
      "mape": 48.906673749416015,
      "mae": 14.110325833750613,
      "mse": 669.6205911769416,
      "rmse": 25.877028252427703
    },
    "test": {
      "mape": 47.47372517952169,
      "mae": 22.831471933565382,
      "mse": 2856.362382791386,
      "rmse": 53.44494721478716
    }
  },
  "overall": {
    "train": {
      "mape": 9135488511763314.0,
      "mae": 143.29277215476372,
      "mse": 72365.61971822316,
      "rmse": 204.94824316222216
    },
    "val": {
      "mape": 21.855827723654915,
      "mae": 138.025303845645,
      "mse": 65630.8798892339,
      "rmse": 193.0229991048673
    },
    "test": {
      "mape": 19.520843209435554,
      "mae": 148.9118440303258,
      "mse": 77694.57392051126,
      "rmse": 216.10074270764642
    }
  }
}