{
  "delhi_load": {
    "train": {
      "mape": 8.12293350232887,
      "mae": 274.5004987033344,
      "mse": 197349.4483575677,
      "rmse": 444.24030474234064
    },
    "val": {
      "mape": 9.343305064730027,
      "mae": 288.6485727600559,
      "mse": 199418.6706028589,
      "rmse": 446.56317649674037
    },
    "test": {
      "mape": 7.176279230302378,
      "mae": 299.9736476528725,
      "mse": 198933.07331663495,
      "rmse": 446.01914007880305
    }
  },
  "brpl_load": {
    "train": {
      "mape": 10.601155395494676,
      "mae": 134.84790342576022,
      "mse": 51122.988911346794,
      "rmse": 226.1039338696848
    },
    "val": {
      "mape": 12.102246729132041,
      "mae": 142.2302889315127,
      "mse": 55416.355314079,
      "rmse": 235.40678689043568
    },
    "test": {
      "mape": 8.390915975165903,
      "mae": 136.79562400573505,
      "mse": 46982.70165083628,
      "rmse": 216.7549345478351
    }
  },
  "bypl_load": {
    "train": {
      "mape": 9.01696254154125,
      "mae": 63.46457131084333,
      "mse": 10130.644444786567,
      "rmse": 100.65110255127148
    },
    "val": {
      "mape": 11.9323966594102,
      "mae": 75.60832308444927,
      "mse": 11719.447690376777,
      "rmse": 108.25639791890721
    },
    "test": {
      "mape": 8.051182665680196,
      "mae": 72.80402476673633,
      "mse": 11049.10219676365,
      "rmse": 105.1147097068895
    }
  },
  "ndpl_load": {
    "train": {
      "mape": 10.924005975542391,
      "mae": 95.79864177130395,
      "mse": 25875.456023108272,
      "rmse": 160.85849689434585
    },
    "val": {
      "mape": 14.32528577904052,
      "mae": 110.28226941532932,
      "mse": 29303.93409258805,
      "rmse": 171.18391890767091
    },
    "test": {
      "mape": 9.713619052126953,
      "mae": 101.86004556961227,
      "mse": 23205.494086559054,
      "rmse": 152.33349627235322
    }
  },
  "ndmc_load": {
    "train": {
      "mape": 14.268792181779618,
      "mae": 26.409738196547476,
      "mse": 1448.418223572776,
      "rmse": 38.05809011987827
    },
    "val": {
      "mape": 13.688325198654718,
      "mae": 21.13744466494313,
      "mse": 907.5298422439284,
      "rmse": 30.125235969929406
    },
    "test": {
      "mape": 14.349827270847399,
      "mae": 31.126218393109166,
      "mse": 2065.731660993865,
      "rmse": 45.45032080188065
    }
  },
  "mes_load": {
    "train": {
      "mape": 4.134285003481615e+16,
      "mae": 11.123855392417301,
      "mse": 762.3317244853027,
      "rmse": 27.6103553849874
    },
    "val": {
      "mape": 31.646583352707452,
      "mae": 10.013552012359465,
      "mse": 543.8262668299483,
      "rmse": 23.320082907870383
    },
    "test": {
      "mape": 22.562423419047658,
      "mae": 10.00601932583455,
      "mse": 777.1506371028285,
      "rmse": 27.87742163656511
    }
  },
  "overall": {
    "train": {
      "mape": 6890475005802701.0,
      "mae": 101.02420146670113,
      "mse": 47781.547947477906,
      "rmse": 166.25371392708476
    },
    "val": {
      "mape": 15.506357130612493,
      "mae": 107.98674181144163,
      "mse": 49551.627301496104,
      "rmse": 169.1425998485923
    },
    "test": {
      "mape": 11.707374602195081,
      "mae": 108.76092995231664,
      "mse": 47168.875591481774,
      "rmse": 165.59167050738776
    }
  }
}