{
  "loss": [
    0.4257287085056305,
    0.1701294481754303,
    0.11354769021272659,
    0.08455830812454224,
    0.06516054272651672
  ],
  "mae": [
    0.2339995801448822,
    0.12540413439273834,
    0.0994887724518776,
    0.08473090082406998,
    0.07702776789665222
  ],
  "val_loss": [
    0.19530318677425385,
    0.11729175597429276,
    0.08645577728748322,
    0.06630515307188034,
    0.051254142075777054
  ],
  "val_mae": [
    0.05949382856488228,
    0.0521613173186779,
    0.0482780747115612,
    0.04931149631738663,
    0.04607933387160301
  ],
  "learning_rate": [
    0.003000000026077032,
    0.003000000026077032,
    0.003000000026077032,
    0.003000000026077032,
    0.003000000026077032
  ]
}