{
  "delhi_load": {
    "train": {
      "mape": 9.015601232796223,
      "mae": 305.1568013272089,
      "mse": 221029.12887002205,
      "rmse": 470.1373510688361
    },
    "val": {
      "mape": 9.406657372271843,
      "mae": 294.123421977084,
      "mse": 190807.12355120364,
      "rmse": 436.81474740581234
    },
    "test": {
      "mape": 9.703334391191275,
      "mae": 389.05330052774934,
      "mse": 337805.9015453336,
      "rmse": 581.2107204322143
    }
  },
  "brpl_load": {
    "train": {
      "mape": 11.607794336677152,
      "mae": 144.2512300990958,
      "mse": 53344.93891450451,
      "rmse": 230.9652331293706
    },
    "val": {
      "mape": 12.48481404077352,
      "mae": 146.7888432217461,
      "mse": 52297.32703481585,
      "rmse": 228.68608841557426
    },
    "test": {
      "mape": 13.346380303483771,
      "mae": 196.4211528130071,
      "mse": 87175.88814435188,
      "rmse": 295.2556318588214
    }
  },
  "bypl_load": {
    "train": {
      "mape": 10.345669323067394,
      "mae": 72.46229433065255,
      "mse": 11505.289909756748,
      "rmse": 107.26271444335514
    },
    "val": {
      "mape": 12.458806047896864,
      "mae": 80.03647867736046,
      "mse": 12045.304102800426,
      "rmse": 109.75110069061006
    },
    "test": {
      "mape": 10.313711545125837,
      "mae": 89.22949336613702,
      "mse": 16931.81103780053,
      "rmse": 130.1222926242868
    }
  },
  "ndpl_load": {
    "train": {
      "mape": 12.516018860008504,
      "mae": 103.3868104804375,
      "mse": 26853.523533934975,
      "rmse": 163.87044740872278
    },
    "val": {
      "mape": 14.388032322487312,
      "mae": 110.74512442869865,
      "mse": 28078.92885128889,
      "rmse": 167.5676843883954
    },
    "test": {
      "mape": 13.820265226547631,
      "mae": 125.5125265096133,
      "mse": 35509.413978341305,
      "rmse": 188.4394172627938
    }
  },
  "ndmc_load": {
    "train": {
      "mape": 16.17775763523036,
      "mae": 29.804113151330142,
      "mse": 2079.9263582779595,
      "rmse": 45.606209646033506
    },
    "val": {
      "mape": 15.425613034292946,
      "mae": 23.28298114398024,
      "mse": 1041.2537125781503,
      "rmse": 32.26846312699367
    },
    "test": {
      "mape": 17.06345101500699,
      "mae": 36.39829997069436,
      "mse": 3251.9882383875047,
      "rmse": 57.0262065929999
    }
  },
  "mes_load": {
    "train": {
      "mape": 3.6722613303009224e+16,
      "mae": 13.423867009133117,
      "mse": 1083.5640441572114,
      "rmse": 32.91753399264913
    },
    "val": {
      "mape": 42.16395982668637,
      "mae": 11.926754818279738,
      "mse": 573.2359668526938,
      "rmse": 23.942346728186312
    },
    "test": {
      "mape": 31.37624873670163,
      "mae": 14.90813685414048,
      "mse": 1750.7947345870743,
      "rmse": 41.84249914365864
    }
  },
  "overall": {
    "train": {
      "mape": 6120435550501547.0,
      "mae": 111.41418606630965,
      "mse": 52649.395271775575,
      "rmse": 175.12658161482787
    },
    "val": {
      "mape": 17.72131377406814,
      "mae": 111.15060071119153,
      "mse": 47473.86220325661,
      "rmse": 166.50507179259532
    },
    "test": {
      "mape": 15.93723186967619,
      "mae": 141.92048500689026,
      "mse": 80404.29961313365,
      "rmse": 215.64946131912916
    }
  }
}