{
  "delhi_load": {
    "train": {
      "mape": 13.628983197733522,
      "mae": 474.60459864674533,
      "mse": 416653.542398423,
      "rmse": 645.4870582733809
    },
    "val": {
      "mape": 16.002496820472743,
      "mae": 519.5711792373465,
      "mse": 437719.7326857876,
      "rmse": 661.6039092128973
    },
    "test": {
      "mape": 12.035892300652158,
      "mae": 497.0742395871754,
      "mse": 455535.0926846009,
      "rmse": 674.9333987028652
    }
  },
  "brpl_load": {
    "train": {
      "mape": 17.726198681973838,
      "mae": 231.65769078750705,
      "mse": 105761.67862177844,
      "rmse": 325.210206822877
    },
    "val": {
      "mape": 18.400722417875834,
      "mae": 233.36362669975992,
      "mse": 97882.92202487448,
      "rmse": 312.862465030362
    },
    "test": {
      "mape": 16.66269333019171,
      "mae": 254.7334029869564,
      "mse": 130449.94022145277,
      "rmse": 361.17854341233055
    }
  },
  "bypl_load": {
    "train": {
      "mape": 14.99506880870636,
      "mae": 106.00196876139954,
      "mse": 20599.022792298543,
      "rmse": 143.5235966393629
    },
    "val": {
      "mape": 19.781015654622703,
      "mae": 124.77325864239361,
      "mse": 23978.15652121383,
      "rmse": 154.848818275161
    },
    "test": {
      "mape": 12.08411594392263,
      "mae": 106.44028611390907,
      "mse": 21367.98287829491,
      "rmse": 146.17791515237488
    }
  },
  "ndpl_load": {
    "train": {
      "mape": 18.058267072201666,
      "mae": 167.09695030835815,
      "mse": 50565.48965765633,
      "rmse": 224.86771590794515
    },
    "val": {
      "mape": 20.457023644655383,
      "mae": 180.88877083804806,
      "mse": 54074.878451952376,
      "rmse": 232.54005773619386
    },
    "test": {
      "mape": 17.325557439476526,
      "mae": 169.24760716640355,
      "mse": 52037.07341260533,
      "rmse": 228.11635937083804
    }
  },
  "ndmc_load": {
    "train": {
      "mape": 19.047178071046037,
      "mae": 36.05165683744689,
      "mse": 3494.217521847715,
      "rmse": 59.111906768837315
    },
    "val": {
      "mape": 17.89644257819216,
      "mae": 26.408610485163383,
      "mse": 1225.4242432155993,
      "rmse": 35.00606009272679
    },
    "test": {
      "mape": 19.949734352571863,
      "mae": 43.30008828639424,
      "mse": 5289.289680228371,
      "rmse": 72.72750291484213
    }
  },
  "mes_load": {
    "train": {
      "mape": 4.529814120881901e+16,
      "mae": 20.832373039329717,
      "mse": 2292.473007907003,
      "rmse": 47.87977660669485
    },
    "val": {
      "mape": 48.144947277017764,
      "mae": 13.568303071173371,
      "mse": 650.7646686219059,
      "rmse": 25.51008954554856
    },
    "test": {
      "mape": 49.17770739379573,
      "mae": 24.69996223546542,
      "mse": 3649.001338210993,
      "rmse": 60.406964318785235
    }
  },
  "overall": {
    "train": {
      "mape": 7549690201469848.0,
      "mae": 172.70753973013112,
      "mse": 99894.40399998518,
      "rmse": 241.01337683651636
    },
    "val": {
      "mape": 23.447108065472765,
      "mae": 183.09562482898082,
      "mse": 102588.64643261097,
      "rmse": 237.06189998214822
    },
    "test": {
      "mape": 21.205950126768435,
      "mae": 182.582597729384,
      "mse": 111388.06336923222,
      "rmse": 257.25678064533935
    }
  }
}