{
  "loss": [
    0.246006041765213,
    0.09030643850564957,
    0.05805908516049385,
    0.042714159935712814,
    0.03386617824435234
  ],
  "mae": [
    0.27017441391944885,
    0.1522355079650879,
    0.1199520155787468,
    0.10088498890399933,
    0.09059348702430725
  ],
  "val_loss": [
    0.0772944763302803,
    0.04658045247197151,
    0.034037016332149506,
    0.028622746467590332,
    0.022562824189662933
  ],
  "val_mae": [
    0.06441190838813782,
    0.06516332924365997,
    0.05778619647026062,
    0.0648149847984314,
    0.05795690789818764
  ],
  "learning_rate": [
    0.003000000026077032,
    0.003000000026077032,
    0.003000000026077032,
    0.003000000026077032,
    0.003000000026077032
  ]
}