{
  "loss": [
    0.2246711403131485,
    0.03766719624400139,
    0.016320770606398582,
    0.011570277623832226,
    0.010482882149517536,
    0.01007450744509697,
    0.00965329259634018,
    0.009309699758887291,
    0.009478609077632427,
    0.009017613716423512,
    0.008887166157364845,
    0.008817224763333797,
    0.008625131100416183,
    0.00861912127584219,
    0.00854739174246788,
    0.008656916208565235,
    0.009552350267767906,
    0.008477302268147469,
    0.008440667763352394,
    0.007824127562344074,
    0.008096256293356419,
    0.007985632866621017,
    0.008027677424252033,
    0.008041397668421268,
    0.007906599901616573
  ],
  "mae": [
    0.11564834415912628,
    0.07581590861082077,
    0.06757843494415283,
    0.06352480500936508,
    0.06130249425768852,
    0.060190025717020035,
    0.058852434158325195,
    0.057945095002651215,
    0.05739507079124451,
    0.0563025027513504,
    0.055971257388591766,
    0.05498155951499939,
    0.05439531058073044,
    0.054318223148584366,
    0.0538390651345253,
    0.053971074521541595,
    0.055332381278276443,
    0.05361945182085037,
    0.053399790078401566,
    0.051651954650878906,
    0.05204915255308151,
    0.051988549530506134,
    0.05203389748930931,
    0.05162955820560455,
    0.05159791186451912
  ],
  "val_loss": [
    0.06384874135255814,
    0.016417648643255234,
    0.011561588384211063,
    0.00796855054795742,
    0.007416874635964632,
    0.006763354409486055,
    0.0067057181149721146,
    0.007630589883774519,
    0.006606642156839371,
    0.007237523794174194,
    0.006799838040024042,
    0.006179765798151493,
    0.005950077436864376,
    0.006180319003760815,
    0.005667408462613821,
    0.00679027521982789,
    0.006308434996753931,
    0.006409748923033476,
    0.006518243346363306,
    0.006282782647758722,
    0.00501220440492034,
    0.005814612843096256,
    0.0055647059343755245,
    0.005185183137655258,
    0.006213029846549034
  ],
  "val_mae": [
    0.0755005031824112,
    0.049356088042259216,
    0.06738907098770142,
    0.05135785788297653,
    0.048110999166965485,
    0.04841172695159912,
    0.04685499891638756,
    0.05076008662581444,
    0.044399578124284744,
    0.05020187422633171,
    0.046382058411836624,
    0.04680054634809494,
    0.04086852818727493,
    0.044855400919914246,
    0.03963259607553482,
    0.04604722559452057,
    0.0443117655813694,
    0.04402485489845276,
    0.04061054810881615,
    0.046995967626571655,
    0.0381133109331131,
    0.040918052196502686,
    0.03773602098226547,
    0.038189973682165146,
    0.046734634786844254
  ],
  "learning_rate": [
    0.0020000000949949026,
    0.0020000000949949026,
    0.0020000000949949026,
    0.0020000000949949026,
    0.0020000000949949026,
    0.0020000000949949026,
    0.0020000000949949026,
    0.0020000000949949026,
    0.0020000000949949026,
    0.0020000000949949026,
    0.0020000000949949026,
    0.0020000000949949026,
    0.0020000000949949026,
    0.0020000000949949026,
    0.0020000000949949026,
    0.0020000000949949026,
    0.0020000000949949026,
    0.0020000000949949026,
    0.0020000000949949026,
    0.001600000075995922,
    0.001600000075995922,
    0.001600000075995922,
    0.001600000075995922,
    0.001600000075995922,
    0.001600000075995922
  ]
}